id	class	method	parent	flags	annotations	visibility	non-primitive-return	path
1	org.spacious_team.table_wrapper.api.MutableTableRow	getCell(org.spacious_team.table_wrapper.api.TableColumnDescription)	2	[false]		public	true	/home/nima/Developer/nullness-benchmarks/annotator-run/src/main/java/org/spacious_team/table_wrapper/api/MutableTableRow.java
3	org.spacious_team.table_wrapper.api.MutableTableRow	getCell(int)	4	[false]	java.lang.Override	public	true	/home/nima/Developer/nullness-benchmarks/annotator-run/src/main/java/org/spacious_team/table_wrapper/api/MutableTableRow.java
5	org.spacious_team.table_wrapper.api.MutableTableRow	getRowNum()	6	[]	java.lang.Override	public	false	/home/nima/Developer/nullness-benchmarks/annotator-run/src/main/java/org/spacious_team/table_wrapper/api/MutableTableRow.java
7	org.spacious_team.table_wrapper.api.MutableTableRow	getFirstCellNum()	8	[]	java.lang.Override	public	false	/home/nima/Developer/nullness-benchmarks/annotator-run/src/main/java/org/spacious_team/table_wrapper/api/MutableTableRow.java
9	org.spacious_team.table_wrapper.api.MutableTableRow	getLastCellNum()	10	[]	java.lang.Override	public	false	/home/nima/Developer/nullness-benchmarks/annotator-run/src/main/java/org/spacious_team/table_wrapper/api/MutableTableRow.java
11	org.spacious_team.table_wrapper.api.MutableTableRow	rowContains(java.lang.Object)	12	[false]	java.lang.Override	public	false	/home/nima/Developer/nullness-benchmarks/annotator-run/src/main/java/org/spacious_team/table_wrapper/api/MutableTableRow.java
13	org.spacious_team.table_wrapper.api.MutableTableRow	iterator()	14	[]	java.lang.Override	public	true	/home/nima/Developer/nullness-benchmarks/annotator-run/src/main/java/org/spacious_team/table_wrapper/api/MutableTableRow.java
15	org.spacious_team.table_wrapper.api.MutableTableRow	getCellValue(org.spacious_team.table_wrapper.api.TableColumnDescription)	16	[false]		public	true	/home/nima/Developer/nullness-benchmarks/annotator-run/src/main/java/org/spacious_team/table_wrapper/api/MutableTableRow.java
17	org.spacious_team.table_wrapper.api.MutableTableRow	getIntCellValue(org.spacious_team.table_wrapper.api.TableColumnDescription)	18	[false]		public	false	/home/nima/Developer/nullness-benchmarks/annotator-run/src/main/java/org/spacious_team/table_wrapper/api/MutableTableRow.java
19	org.spacious_team.table_wrapper.api.MutableTableRow	getLongCellValue(org.spacious_team.table_wrapper.api.TableColumnDescription)	20	[false]		public	false	/home/nima/Developer/nullness-benchmarks/annotator-run/src/main/java/org/spacious_team/table_wrapper/api/MutableTableRow.java
21	org.spacious_team.table_wrapper.api.MutableTableRow	getDoubleCellValue(org.spacious_team.table_wrapper.api.TableColumnDescription)	22	[false]		public	false	/home/nima/Developer/nullness-benchmarks/annotator-run/src/main/java/org/spacious_team/table_wrapper/api/MutableTableRow.java
23	org.spacious_team.table_wrapper.api.MutableTableRow	getBigDecimalCellValue(org.spacious_team.table_wrapper.api.TableColumnDescription)	24	[false]		public	true	/home/nima/Developer/nullness-benchmarks/annotator-run/src/main/java/org/spacious_team/table_wrapper/api/MutableTableRow.java
25	org.spacious_team.table_wrapper.api.MutableTableRow	getStringCellValue(org.spacious_team.table_wrapper.api.TableColumnDescription)	26	[false]		public	true	/home/nima/Developer/nullness-benchmarks/annotator-run/src/main/java/org/spacious_team/table_wrapper/api/MutableTableRow.java
27	org.spacious_team.table_wrapper.api.MutableTableRow	getInstantCellValue(org.spacious_team.table_wrapper.api.TableColumnDescription)	28	[false]		public	true	/home/nima/Developer/nullness-benchmarks/annotator-run/src/main/java/org/spacious_team/table_wrapper/api/MutableTableRow.java
29	org.spacious_team.table_wrapper.api.MutableTableRow	getLocalDateTimeCellValue(org.spacious_team.table_wrapper.api.TableColumnDescription)	30	[false]		public	true	/home/nima/Developer/nullness-benchmarks/annotator-run/src/main/java/org/spacious_team/table_wrapper/api/MutableTableRow.java
31	org.spacious_team.table_wrapper.api.MutableTableRow	getCellIndex(org.spacious_team.table_wrapper.api.TableColumnDescription)	0	[false]		private	true	/home/nima/Developer/nullness-benchmarks/annotator-run/src/main/java/org/spacious_team/table_wrapper/api/MutableTableRow.java
32	org.spacious_team.table_wrapper.api.MutableTableRow	clone()	33	[]	java.lang.SuppressWarnings	public	true	/home/nima/Developer/nullness-benchmarks/annotator-run/src/main/java/org/spacious_team/table_wrapper/api/MutableTableRow.java
34	org.spacious_team.table_wrapper.api.TableRow	getTable()	0	[]		public	true	/home/nima/Developer/nullness-benchmarks/annotator-run/src/main/java/org/spacious_team/table_wrapper/api/TableRow.java
2	org.spacious_team.table_wrapper.api.TableRow	getCell(org.spacious_team.table_wrapper.api.TableColumnDescription)	0	[false]		public	true	/home/nima/Developer/nullness-benchmarks/annotator-run/src/main/java/org/spacious_team/table_wrapper/api/TableRow.java
16	org.spacious_team.table_wrapper.api.TableRow	getCellValue(org.spacious_team.table_wrapper.api.TableColumnDescription)	0	[false]		public	true	/home/nima/Developer/nullness-benchmarks/annotator-run/src/main/java/org/spacious_team/table_wrapper/api/TableRow.java
18	org.spacious_team.table_wrapper.api.TableRow	getIntCellValue(org.spacious_team.table_wrapper.api.TableColumnDescription)	0	[false]		public	false	/home/nima/Developer/nullness-benchmarks/annotator-run/src/main/java/org/spacious_team/table_wrapper/api/TableRow.java
20	org.spacious_team.table_wrapper.api.TableRow	getLongCellValue(org.spacious_team.table_wrapper.api.TableColumnDescription)	0	[false]		public	false	/home/nima/Developer/nullness-benchmarks/annotator-run/src/main/java/org/spacious_team/table_wrapper/api/TableRow.java
22	org.spacious_team.table_wrapper.api.TableRow	getDoubleCellValue(org.spacious_team.table_wrapper.api.TableColumnDescription)	0	[false]		public	false	/home/nima/Developer/nullness-benchmarks/annotator-run/src/main/java/org/spacious_team/table_wrapper/api/TableRow.java
24	org.spacious_team.table_wrapper.api.TableRow	getBigDecimalCellValue(org.spacious_team.table_wrapper.api.TableColumnDescription)	0	[false]		public	true	/home/nima/Developer/nullness-benchmarks/annotator-run/src/main/java/org/spacious_team/table_wrapper/api/TableRow.java
26	org.spacious_team.table_wrapper.api.TableRow	getStringCellValue(org.spacious_team.table_wrapper.api.TableColumnDescription)	0	[false]		public	true	/home/nima/Developer/nullness-benchmarks/annotator-run/src/main/java/org/spacious_team/table_wrapper/api/TableRow.java
28	org.spacious_team.table_wrapper.api.TableRow	getInstantCellValue(org.spacious_team.table_wrapper.api.TableColumnDescription)	0	[false]		public	true	/home/nima/Developer/nullness-benchmarks/annotator-run/src/main/java/org/spacious_team/table_wrapper/api/TableRow.java
30	org.spacious_team.table_wrapper.api.TableRow	getLocalDateTimeCellValue(org.spacious_team.table_wrapper.api.TableColumnDescription)	0	[false]		public	true	/home/nima/Developer/nullness-benchmarks/annotator-run/src/main/java/org/spacious_team/table_wrapper/api/TableRow.java
35	org.spacious_team.table_wrapper.api.TableRow	getCellValueOrDefault(org.spacious_team.table_wrapper.api.TableColumnDescription,java.lang.Object)	0	[false, false]		public	true	/home/nima/Developer/nullness-benchmarks/annotator-run/src/main/java/org/spacious_team/table_wrapper/api/TableRow.java
36	org.spacious_team.table_wrapper.api.TableRow	getIntCellValueOrDefault(org.spacious_team.table_wrapper.api.TableColumnDescription,int)	0	[false, false]		public	false	/home/nima/Developer/nullness-benchmarks/annotator-run/src/main/java/org/spacious_team/table_wrapper/api/TableRow.java
37	org.spacious_team.table_wrapper.api.TableRow	getLongCellValueOrDefault(org.spacious_team.table_wrapper.api.TableColumnDescription,long)	0	[false, false]		public	false	/home/nima/Developer/nullness-benchmarks/annotator-run/src/main/java/org/spacious_team/table_wrapper/api/TableRow.java
38	org.spacious_team.table_wrapper.api.TableRow	getDoubleCellValue(org.spacious_team.table_wrapper.api.TableColumnDescription,double)	0	[false, false]		public	false	/home/nima/Developer/nullness-benchmarks/annotator-run/src/main/java/org/spacious_team/table_wrapper/api/TableRow.java
39	org.spacious_team.table_wrapper.api.TableRow	getBigDecimalCellValueOrDefault(org.spacious_team.table_wrapper.api.TableColumnDescription,java.math.BigDecimal)	0	[false, false]		public	true	/home/nima/Developer/nullness-benchmarks/annotator-run/src/main/java/org/spacious_team/table_wrapper/api/TableRow.java
40	org.spacious_team.table_wrapper.api.TableRow	getStringCellValueOrDefault(org.spacious_team.table_wrapper.api.TableColumnDescription,java.lang.String)	0	[false, false]		public	true	/home/nima/Developer/nullness-benchmarks/annotator-run/src/main/java/org/spacious_team/table_wrapper/api/TableRow.java
41	org.spacious_team.table_wrapper.api.TableRow	getInstantCellValueOrDefault(org.spacious_team.table_wrapper.api.TableColumnDescription,java.time.Instant)	0	[false, false]		public	true	/home/nima/Developer/nullness-benchmarks/annotator-run/src/main/java/org/spacious_team/table_wrapper/api/TableRow.java
42	org.spacious_team.table_wrapper.api.TableRow	getLocalDateTimeCellValueOrDefault(org.spacious_team.table_wrapper.api.TableColumnDescription,java.time.LocalDateTime)	0	[false, false]		public	true	/home/nima/Developer/nullness-benchmarks/annotator-run/src/main/java/org/spacious_team/table_wrapper/api/TableRow.java
33	org.spacious_team.table_wrapper.api.TableRow	clone()	0	[]		public	true	/home/nima/Developer/nullness-benchmarks/annotator-run/src/main/java/org/spacious_team/table_wrapper/api/TableRow.java
4	org.spacious_team.table_wrapper.api.ReportPageRow	getCell(int)	0	[false]		public	true	/home/nima/Developer/nullness-benchmarks/annotator-run/src/main/java/org/spacious_team/table_wrapper/api/ReportPageRow.java
6	org.spacious_team.table_wrapper.api.ReportPageRow	getRowNum()	0	[]		public	false	/home/nima/Developer/nullness-benchmarks/annotator-run/src/main/java/org/spacious_team/table_wrapper/api/ReportPageRow.java
8	org.spacious_team.table_wrapper.api.ReportPageRow	getFirstCellNum()	0	[]		public	false	/home/nima/Developer/nullness-benchmarks/annotator-run/src/main/java/org/spacious_team/table_wrapper/api/ReportPageRow.java
10	org.spacious_team.table_wrapper.api.ReportPageRow	getLastCellNum()	0	[]		public	false	/home/nima/Developer/nullness-benchmarks/annotator-run/src/main/java/org/spacious_team/table_wrapper/api/ReportPageRow.java
12	org.spacious_team.table_wrapper.api.ReportPageRow	rowContains(java.lang.Object)	0	[false]		public	false	/home/nima/Developer/nullness-benchmarks/annotator-run/src/main/java/org/spacious_team/table_wrapper/api/ReportPageRow.java
43	org.spacious_team.table_wrapper.api.TableCell	getColumnIndex()	0	[]		public	false	/home/nima/Developer/nullness-benchmarks/annotator-run/src/main/java/org/spacious_team/table_wrapper/api/TableCell.java
44	org.spacious_team.table_wrapper.api.TableCell	getValue()	0	[]		public	true	/home/nima/Developer/nullness-benchmarks/annotator-run/src/main/java/org/spacious_team/table_wrapper/api/TableCell.java
45	org.spacious_team.table_wrapper.api.TableCell	getIntValue()	0	[]		public	false	/home/nima/Developer/nullness-benchmarks/annotator-run/src/main/java/org/spacious_team/table_wrapper/api/TableCell.java
46	org.spacious_team.table_wrapper.api.TableCell	getLongValue()	0	[]		public	false	/home/nima/Developer/nullness-benchmarks/annotator-run/src/main/java/org/spacious_team/table_wrapper/api/TableCell.java
47	org.spacious_team.table_wrapper.api.TableCell	getDoubleValue()	0	[]		public	true	/home/nima/Developer/nullness-benchmarks/annotator-run/src/main/java/org/spacious_team/table_wrapper/api/TableCell.java
48	org.spacious_team.table_wrapper.api.TableCell	getBigDecimalValue()	0	[]		public	true	/home/nima/Developer/nullness-benchmarks/annotator-run/src/main/java/org/spacious_team/table_wrapper/api/TableCell.java
49	org.spacious_team.table_wrapper.api.TableCell	getStringValue()	0	[]		public	true	/home/nima/Developer/nullness-benchmarks/annotator-run/src/main/java/org/spacious_team/table_wrapper/api/TableCell.java
50	org.spacious_team.table_wrapper.api.TableCell	getInstantValue()	0	[]		public	true	/home/nima/Developer/nullness-benchmarks/annotator-run/src/main/java/org/spacious_team/table_wrapper/api/TableCell.java
51	org.spacious_team.table_wrapper.api.TableCell	getLocalDateTimeValue()	0	[]		public	true	/home/nima/Developer/nullness-benchmarks/annotator-run/src/main/java/org/spacious_team/table_wrapper/api/TableCell.java
52	org.spacious_team.table_wrapper.api.TableCell	getValueOrDefault(java.lang.Object)	0	[false]		public	true	/home/nima/Developer/nullness-benchmarks/annotator-run/src/main/java/org/spacious_team/table_wrapper/api/TableCell.java
53	org.spacious_team.table_wrapper.api.TableCell	getIntValueOrDefault(int)	0	[false]		public	false	/home/nima/Developer/nullness-benchmarks/annotator-run/src/main/java/org/spacious_team/table_wrapper/api/TableCell.java
54	org.spacious_team.table_wrapper.api.TableCell	getLongValueOrDefault(long)	0	[false]		public	false	/home/nima/Developer/nullness-benchmarks/annotator-run/src/main/java/org/spacious_team/table_wrapper/api/TableCell.java
55	org.spacious_team.table_wrapper.api.TableCell	getDoubleValue(double)	0	[false]		public	false	/home/nima/Developer/nullness-benchmarks/annotator-run/src/main/java/org/spacious_team/table_wrapper/api/TableCell.java
56	org.spacious_team.table_wrapper.api.TableCell	getBigDecimalValueOrDefault(java.math.BigDecimal)	0	[false]		public	true	/home/nima/Developer/nullness-benchmarks/annotator-run/src/main/java/org/spacious_team/table_wrapper/api/TableCell.java
57	org.spacious_team.table_wrapper.api.TableCell	getStringValueOrDefault(java.lang.String)	0	[false]		public	true	/home/nima/Developer/nullness-benchmarks/annotator-run/src/main/java/org/spacious_team/table_wrapper/api/TableCell.java
58	org.spacious_team.table_wrapper.api.TableCell	getInstantValueOrDefault(java.time.Instant)	0	[false]		public	true	/home/nima/Developer/nullness-benchmarks/annotator-run/src/main/java/org/spacious_team/table_wrapper/api/TableCell.java
59	org.spacious_team.table_wrapper.api.TableCell	getLocalDateTimeValueOrDefault(java.time.LocalDateTime)	0	[false]		public	true	/home/nima/Developer/nullness-benchmarks/annotator-run/src/main/java/org/spacious_team/table_wrapper/api/TableCell.java
60	org.spacious_team.table_wrapper.api.Table	getReportPage()	0	[]		public	true	/home/nima/Developer/nullness-benchmarks/annotator-run/src/main/java/org/spacious_team/table_wrapper/api/Table.java
61	org.spacious_team.table_wrapper.api.Table	getData(java.util.function.Function)	0	[false]		public	true	/home/nima/Developer/nullness-benchmarks/annotator-run/src/main/java/org/spacious_team/table_wrapper/api/Table.java
62	org.spacious_team.table_wrapper.api.Table	getData(java.lang.Object,java.util.function.Function)	0	[false, false]		public	true	/home/nima/Developer/nullness-benchmarks/annotator-run/src/main/java/org/spacious_team/table_wrapper/api/Table.java
63	org.spacious_team.table_wrapper.api.Table	getDataCollection(java.util.function.Function)	0	[false]		public	true	/home/nima/Developer/nullness-benchmarks/annotator-run/src/main/java/org/spacious_team/table_wrapper/api/Table.java
64	org.spacious_team.table_wrapper.api.Table	getDataCollection(java.lang.Object,java.util.function.Function)	0	[false, false]		public	true	/home/nima/Developer/nullness-benchmarks/annotator-run/src/main/java/org/spacious_team/table_wrapper/api/Table.java
65	org.spacious_team.table_wrapper.api.Table	getDataCollection(java.lang.Object,java.util.function.Function,java.util.function.BiPredicate,java.util.function.BiFunction)	0	[false, false, false, false]		public	true	/home/nima/Developer/nullness-benchmarks/annotator-run/src/main/java/org/spacious_team/table_wrapper/api/Table.java
66	org.spacious_team.table_wrapper.api.Table	isEmpty()	0	[]		public	false	/home/nima/Developer/nullness-benchmarks/annotator-run/src/main/java/org/spacious_team/table_wrapper/api/Table.java
67	org.spacious_team.table_wrapper.api.Table	stream()	0	[]		public	true	/home/nima/Developer/nullness-benchmarks/annotator-run/src/main/java/org/spacious_team/table_wrapper/api/Table.java
68	org.spacious_team.table_wrapper.api.Table	getRow(int)	0	[false]		public	true	/home/nima/Developer/nullness-benchmarks/annotator-run/src/main/java/org/spacious_team/table_wrapper/api/Table.java
69	org.spacious_team.table_wrapper.api.Table	findRow(java.lang.Object)	0	[false]		public	true	/home/nima/Developer/nullness-benchmarks/annotator-run/src/main/java/org/spacious_team/table_wrapper/api/Table.java
70	org.spacious_team.table_wrapper.api.Table	findRowByPrefix(java.lang.String)	0	[false]		public	true	/home/nima/Developer/nullness-benchmarks/annotator-run/src/main/java/org/spacious_team/table_wrapper/api/Table.java
71	org.spacious_team.table_wrapper.api.Table	getHeaderDescription()	0	[]		public	true	/home/nima/Developer/nullness-benchmarks/annotator-run/src/main/java/org/spacious_team/table_wrapper/api/Table.java
72	org.spacious_team.table_wrapper.api.Table	excludeTotalRow()	0	[]		public	true	/home/nima/Developer/nullness-benchmarks/annotator-run/src/main/java/org/spacious_team/table_wrapper/api/Table.java
73	org.spacious_team.table_wrapper.api.Table	subTable(int,int)	0	[false, false]		public	true	/home/nima/Developer/nullness-benchmarks/annotator-run/src/main/java/org/spacious_team/table_wrapper/api/Table.java
74	org.spacious_team.table_wrapper.api.CellDataAccessObject	getCell(R,java.lang.Integer)	0	[false, false]		public	true	/home/nima/Developer/nullness-benchmarks/annotator-run/src/main/java/org/spacious_team/table_wrapper/api/CellDataAccessObject.java
75	org.spacious_team.table_wrapper.api.CellDataAccessObject	getValue(C)	0	[false]		public	true	/home/nima/Developer/nullness-benchmarks/annotator-run/src/main/java/org/spacious_team/table_wrapper/api/CellDataAccessObject.java
76	org.spacious_team.table_wrapper.api.CellDataAccessObject	getIntValue(C)	0	[false]		public	false	/home/nima/Developer/nullness-benchmarks/annotator-run/src/main/java/org/spacious_team/table_wrapper/api/CellDataAccessObject.java
77	org.spacious_team.table_wrapper.api.CellDataAccessObject	getLongValue(C)	0	[false]		public	false	/home/nima/Developer/nullness-benchmarks/annotator-run/src/main/java/org/spacious_team/table_wrapper/api/CellDataAccessObject.java
78	org.spacious_team.table_wrapper.api.CellDataAccessObject	getDoubleValue(C)	0	[false]		public	false	/home/nima/Developer/nullness-benchmarks/annotator-run/src/main/java/org/spacious_team/table_wrapper/api/CellDataAccessObject.java
79	org.spacious_team.table_wrapper.api.CellDataAccessObject	getBigDecimalValue(C)	0	[false]		public	true	/home/nima/Developer/nullness-benchmarks/annotator-run/src/main/java/org/spacious_team/table_wrapper/api/CellDataAccessObject.java
80	org.spacious_team.table_wrapper.api.CellDataAccessObject	getStringValue(C)	0	[false]		public	true	/home/nima/Developer/nullness-benchmarks/annotator-run/src/main/java/org/spacious_team/table_wrapper/api/CellDataAccessObject.java
81	org.spacious_team.table_wrapper.api.CellDataAccessObject	getInstantValue(C)	0	[false]		public	true	/home/nima/Developer/nullness-benchmarks/annotator-run/src/main/java/org/spacious_team/table_wrapper/api/CellDataAccessObject.java
82	org.spacious_team.table_wrapper.api.CellDataAccessObject	getLocalDateTimeValue(C)	0	[false]		public	true	/home/nima/Developer/nullness-benchmarks/annotator-run/src/main/java/org/spacious_team/table_wrapper/api/CellDataAccessObject.java
83	org.spacious_team.table_wrapper.api.CellDataAccessObject	getValue(R,java.lang.Integer)	0	[false, false]		public	true	/home/nima/Developer/nullness-benchmarks/annotator-run/src/main/java/org/spacious_team/table_wrapper/api/CellDataAccessObject.java
84	org.spacious_team.table_wrapper.api.CellDataAccessObject	getIntValue(R,java.lang.Integer)	0	[false, false]		public	false	/home/nima/Developer/nullness-benchmarks/annotator-run/src/main/java/org/spacious_team/table_wrapper/api/CellDataAccessObject.java
85	org.spacious_team.table_wrapper.api.CellDataAccessObject	getLongValue(R,java.lang.Integer)	0	[false, false]		public	false	/home/nima/Developer/nullness-benchmarks/annotator-run/src/main/java/org/spacious_team/table_wrapper/api/CellDataAccessObject.java
86	org.spacious_team.table_wrapper.api.CellDataAccessObject	getDoubleValue(R,java.lang.Integer)	0	[false, false]		public	false	/home/nima/Developer/nullness-benchmarks/annotator-run/src/main/java/org/spacious_team/table_wrapper/api/CellDataAccessObject.java
87	org.spacious_team.table_wrapper.api.CellDataAccessObject	getBigDecimalValue(R,java.lang.Integer)	0	[false, false]		public	true	/home/nima/Developer/nullness-benchmarks/annotator-run/src/main/java/org/spacious_team/table_wrapper/api/CellDataAccessObject.java
88	org.spacious_team.table_wrapper.api.CellDataAccessObject	getStringValue(R,java.lang.Integer)	0	[false, false]		public	true	/home/nima/Developer/nullness-benchmarks/annotator-run/src/main/java/org/spacious_team/table_wrapper/api/CellDataAccessObject.java
89	org.spacious_team.table_wrapper.api.CellDataAccessObject	getInstantValue(R,java.lang.Integer)	0	[false, false]		public	true	/home/nima/Developer/nullness-benchmarks/annotator-run/src/main/java/org/spacious_team/table_wrapper/api/CellDataAccessObject.java
90	org.spacious_team.table_wrapper.api.CellDataAccessObject	getLocalDateTimeValue(R,java.lang.Integer)	0	[false, false]		public	true	/home/nima/Developer/nullness-benchmarks/annotator-run/src/main/java/org/spacious_team/table_wrapper/api/CellDataAccessObject.java
91	org.spacious_team.table_wrapper.api.TableColumnDescription	getColumn()	0	[]		public	true	/home/nima/Developer/nullness-benchmarks/annotator-run/src/main/java/org/spacious_team/table_wrapper/api/TableColumnDescription.java
92	org.spacious_team.table_wrapper.api.TableColumn	getColumnIndex(org.spacious_team.table_wrapper.api.ReportPageRow[])	0	[false]		public	false	/home/nima/Developer/nullness-benchmarks/annotator-run/src/main/java/org/spacious_team/table_wrapper/api/TableColumn.java
93	org.spacious_team.table_wrapper.api.TableColumn	getColumnIndex(int,org.spacious_team.table_wrapper.api.ReportPageRow[])	0	[false, false]		public	false	/home/nima/Developer/nullness-benchmarks/annotator-run/src/main/java/org/spacious_team/table_wrapper/api/TableColumn.java
94	org.spacious_team.table_wrapper.api.ReportPageHelper	getCellStringValueIgnoreCasePrefixPredicate(java.lang.String)	0	[false]		package	true	/home/nima/Developer/nullness-benchmarks/annotator-run/src/main/java/org/spacious_team/table_wrapper/api/ReportPageHelper.java
95	org.spacious_team.table_wrapper.api.ReportPage	find(java.lang.Object)	0	[false]		public	true	/home/nima/Developer/nullness-benchmarks/annotator-run/src/main/java/org/spacious_team/table_wrapper/api/ReportPage.java
96	org.spacious_team.table_wrapper.api.ReportPage	find(java.lang.Object,int)	0	[false, false]		public	true	/home/nima/Developer/nullness-benchmarks/annotator-run/src/main/java/org/spacious_team/table_wrapper/api/ReportPage.java
97	org.spacious_team.table_wrapper.api.ReportPage	find(java.lang.Object,int,int)	0	[false, false, false]		public	true	/home/nima/Developer/nullness-benchmarks/annotator-run/src/main/java/org/spacious_team/table_wrapper/api/ReportPage.java
98	org.spacious_team.table_wrapper.api.ReportPage	find(java.lang.Object,int,int,int,int)	0	[false, false, false, false, false]		public	true	/home/nima/Developer/nullness-benchmarks/annotator-run/src/main/java/org/spacious_team/table_wrapper/api/ReportPage.java
99	org.spacious_team.table_wrapper.api.ReportPage	find(java.util.function.Predicate)	0	[false]		public	true	/home/nima/Developer/nullness-benchmarks/annotator-run/src/main/java/org/spacious_team/table_wrapper/api/ReportPage.java
100	org.spacious_team.table_wrapper.api.ReportPage	find(int,java.util.function.Predicate)	0	[false, false]		public	true	/home/nima/Developer/nullness-benchmarks/annotator-run/src/main/java/org/spacious_team/table_wrapper/api/ReportPage.java
101	org.spacious_team.table_wrapper.api.ReportPage	find(int,int,java.util.function.Predicate)	0	[false, false, false]		public	true	/home/nima/Developer/nullness-benchmarks/annotator-run/src/main/java/org/spacious_team/table_wrapper/api/ReportPage.java
102	org.spacious_team.table_wrapper.api.ReportPage	find(int,int,int,int,java.util.function.Predicate)	0	[false, false, false, false, false]		public	true	/home/nima/Developer/nullness-benchmarks/annotator-run/src/main/java/org/spacious_team/table_wrapper/api/ReportPage.java
103	org.spacious_team.table_wrapper.api.ReportPage	findByPrefix(java.lang.String)	0	[false]		public	true	/home/nima/Developer/nullness-benchmarks/annotator-run/src/main/java/org/spacious_team/table_wrapper/api/ReportPage.java
104	org.spacious_team.table_wrapper.api.ReportPage	findByPrefix(java.lang.String,int)	0	[false, false]		public	true	/home/nima/Developer/nullness-benchmarks/annotator-run/src/main/java/org/spacious_team/table_wrapper/api/ReportPage.java
105	org.spacious_team.table_wrapper.api.ReportPage	findByPrefix(java.lang.String,int,int)	0	[false, false, false]		public	true	/home/nima/Developer/nullness-benchmarks/annotator-run/src/main/java/org/spacious_team/table_wrapper/api/ReportPage.java
106	org.spacious_team.table_wrapper.api.ReportPage	findByPrefix(java.lang.String,int,int,int,int)	0	[false, false, false, false, false]		public	true	/home/nima/Developer/nullness-benchmarks/annotator-run/src/main/java/org/spacious_team/table_wrapper/api/ReportPage.java
107	org.spacious_team.table_wrapper.api.ReportPage	getNextColumnValue(java.lang.String)	0	[false]		public	true	/home/nima/Developer/nullness-benchmarks/annotator-run/src/main/java/org/spacious_team/table_wrapper/api/ReportPage.java
108	org.spacious_team.table_wrapper.api.ReportPage	getRow(int)	0	[false]		public	true	/home/nima/Developer/nullness-benchmarks/annotator-run/src/main/java/org/spacious_team/table_wrapper/api/ReportPage.java
109	org.spacious_team.table_wrapper.api.ReportPage	getLastRowNum()	0	[]		public	false	/home/nima/Developer/nullness-benchmarks/annotator-run/src/main/java/org/spacious_team/table_wrapper/api/ReportPage.java
110	org.spacious_team.table_wrapper.api.ReportPage	getCell(org.spacious_team.table_wrapper.api.TableCellAddress)	0	[false]		public	true	/home/nima/Developer/nullness-benchmarks/annotator-run/src/main/java/org/spacious_team/table_wrapper/api/ReportPage.java
111	org.spacious_team.table_wrapper.api.ReportPage	getTableCellRange(java.lang.String,int,java.lang.String)	0	[false, false, false]		public	true	/home/nima/Developer/nullness-benchmarks/annotator-run/src/main/java/org/spacious_team/table_wrapper/api/ReportPage.java
112	org.spacious_team.table_wrapper.api.ReportPage	getTableCellRange(java.util.function.Predicate,int,java.util.function.Predicate)	0	[false, false, false]		public	true	/home/nima/Developer/nullness-benchmarks/annotator-run/src/main/java/org/spacious_team/table_wrapper/api/ReportPage.java
113	org.spacious_team.table_wrapper.api.ReportPage	getTableCellRange(java.lang.String,int)	0	[false, false]		public	true	/home/nima/Developer/nullness-benchmarks/annotator-run/src/main/java/org/spacious_team/table_wrapper/api/ReportPage.java
114	org.spacious_team.table_wrapper.api.ReportPage	getTableCellRange(java.util.function.Predicate,int)	0	[false, false]		public	true	/home/nima/Developer/nullness-benchmarks/annotator-run/src/main/java/org/spacious_team/table_wrapper/api/ReportPage.java
115	org.spacious_team.table_wrapper.api.ReportPage	findEmptyRow(int)	0	[false]		public	false	/home/nima/Developer/nullness-benchmarks/annotator-run/src/main/java/org/spacious_team/table_wrapper/api/ReportPage.java
116	org.spacious_team.table_wrapper.api.ReportPage	create(java.lang.String,java.lang.String,java.lang.Class)	0	[false, false, false]		public	true	/home/nima/Developer/nullness-benchmarks/annotator-run/src/main/java/org/spacious_team/table_wrapper/api/ReportPage.java
117	org.spacious_team.table_wrapper.api.ReportPage	create(java.lang.String,java.lang.Class)	0	[false, false]		public	true	/home/nima/Developer/nullness-benchmarks/annotator-run/src/main/java/org/spacious_team/table_wrapper/api/ReportPage.java
118	org.spacious_team.table_wrapper.api.ReportPage	create(java.lang.String,java.lang.String,java.lang.Class,int)	0	[false, false, false, false]		public	true	/home/nima/Developer/nullness-benchmarks/annotator-run/src/main/java/org/spacious_team/table_wrapper/api/ReportPage.java
119	org.spacious_team.table_wrapper.api.ReportPage	create(java.lang.String,java.lang.Class,int)	0	[false, false, false]		public	true	/home/nima/Developer/nullness-benchmarks/annotator-run/src/main/java/org/spacious_team/table_wrapper/api/ReportPage.java
120	org.spacious_team.table_wrapper.api.ReportPage	create(java.util.function.Predicate,java.util.function.Predicate,java.lang.Class)	0	[false, false, false]		public	true	/home/nima/Developer/nullness-benchmarks/annotator-run/src/main/java/org/spacious_team/table_wrapper/api/ReportPage.java
121	org.spacious_team.table_wrapper.api.ReportPage	create(java.util.function.Predicate,java.lang.Class)	0	[false, false]		public	true	/home/nima/Developer/nullness-benchmarks/annotator-run/src/main/java/org/spacious_team/table_wrapper/api/ReportPage.java
122	org.spacious_team.table_wrapper.api.ReportPage	create(java.util.function.Predicate,java.util.function.Predicate,java.lang.Class,int)	0	[false, false, false, false]		public	true	/home/nima/Developer/nullness-benchmarks/annotator-run/src/main/java/org/spacious_team/table_wrapper/api/ReportPage.java
123	org.spacious_team.table_wrapper.api.ReportPage	create(java.util.function.Predicate,java.lang.Class,int)	0	[false, false, false]		public	true	/home/nima/Developer/nullness-benchmarks/annotator-run/src/main/java/org/spacious_team/table_wrapper/api/ReportPage.java
124	org.spacious_team.table_wrapper.api.ReportPage	createNameless(java.lang.String,java.lang.String,java.lang.Class)	0	[false, false, false]		public	true	/home/nima/Developer/nullness-benchmarks/annotator-run/src/main/java/org/spacious_team/table_wrapper/api/ReportPage.java
125	org.spacious_team.table_wrapper.api.ReportPage	createNameless(java.lang.String,java.lang.Class)	0	[false, false]		public	true	/home/nima/Developer/nullness-benchmarks/annotator-run/src/main/java/org/spacious_team/table_wrapper/api/ReportPage.java
126	org.spacious_team.table_wrapper.api.ReportPage	createNameless(java.lang.String,java.lang.String,java.lang.String,java.lang.Class,int)	0	[false, false, false, false, false]		public	true	/home/nima/Developer/nullness-benchmarks/annotator-run/src/main/java/org/spacious_team/table_wrapper/api/ReportPage.java
127	org.spacious_team.table_wrapper.api.ReportPage	createNameless(java.lang.String,java.lang.String,java.lang.Class,int)	0	[false, false, false, false]		public	true	/home/nima/Developer/nullness-benchmarks/annotator-run/src/main/java/org/spacious_team/table_wrapper/api/ReportPage.java
128	org.spacious_team.table_wrapper.api.ReportPage	createNameless(java.util.function.Predicate,java.util.function.Predicate,java.lang.Class)	0	[false, false, false]		public	true	/home/nima/Developer/nullness-benchmarks/annotator-run/src/main/java/org/spacious_team/table_wrapper/api/ReportPage.java
129	org.spacious_team.table_wrapper.api.ReportPage	createNameless(java.util.function.Predicate,java.lang.Class)	0	[false, false]		public	true	/home/nima/Developer/nullness-benchmarks/annotator-run/src/main/java/org/spacious_team/table_wrapper/api/ReportPage.java
130	org.spacious_team.table_wrapper.api.ReportPage	createNameless(java.lang.String,java.util.function.Predicate,java.util.function.Predicate,java.lang.Class,int)	0	[false, false, false, false, false]		public	true	/home/nima/Developer/nullness-benchmarks/annotator-run/src/main/java/org/spacious_team/table_wrapper/api/ReportPage.java
131	org.spacious_team.table_wrapper.api.ReportPage	createNameless(java.lang.String,java.util.function.Predicate,java.lang.Class,int)	0	[false, false, false, false]		public	true	/home/nima/Developer/nullness-benchmarks/annotator-run/src/main/java/org/spacious_team/table_wrapper/api/ReportPage.java
132	org.spacious_team.table_wrapper.api.TableCellRange	contains(org.spacious_team.table_wrapper.api.TableCellAddress)	0	[false]		public	false	/home/nima/Developer/nullness-benchmarks/annotator-run/src/main/java/org/spacious_team/table_wrapper/api/TableCellRange.java
133	org.spacious_team.table_wrapper.api.TableCellRange	containsRow(int)	0	[false]		public	false	/home/nima/Developer/nullness-benchmarks/annotator-run/src/main/java/org/spacious_team/table_wrapper/api/TableCellRange.java
134	org.spacious_team.table_wrapper.api.TableCellRange	containsColumn(int)	0	[false]		public	false	/home/nima/Developer/nullness-benchmarks/annotator-run/src/main/java/org/spacious_team/table_wrapper/api/TableCellRange.java
135	org.spacious_team.table_wrapper.api.TableCellRange	addRowsToTop(int)	0	[false]		public	true	/home/nima/Developer/nullness-benchmarks/annotator-run/src/main/java/org/spacious_team/table_wrapper/api/TableCellRange.java
136	org.spacious_team.table_wrapper.api.TableCellRange	addRowsToBottom(int)	0	[false]		public	true	/home/nima/Developer/nullness-benchmarks/annotator-run/src/main/java/org/spacious_team/table_wrapper/api/TableCellRange.java
137	org.spacious_team.table_wrapper.api.TableCellRange	addColumnsToLeft(int)	0	[false]	java.lang.SuppressWarnings	public	true	/home/nima/Developer/nullness-benchmarks/annotator-run/src/main/java/org/spacious_team/table_wrapper/api/TableCellRange.java
138	org.spacious_team.table_wrapper.api.TableCellRange	addColumnsToRight(int)	0	[false]	java.lang.SuppressWarnings	public	true	/home/nima/Developer/nullness-benchmarks/annotator-run/src/main/java/org/spacious_team/table_wrapper/api/TableCellRange.java
139	org.spacious_team.table_wrapper.api.TableCellRange$EmptyTableCellRange	EmptyTableCellRange()	0	[]		private	false	/home/nima/Developer/nullness-benchmarks/annotator-run/src/main/java/org/spacious_team/table_wrapper/api/TableCellRange.java
140	org.spacious_team.table_wrapper.api.TableCellRange$EmptyTableCellRange	contains(org.spacious_team.table_wrapper.api.TableCellAddress)	132	[false]	java.lang.Override	public	false	/home/nima/Developer/nullness-benchmarks/annotator-run/src/main/java/org/spacious_team/table_wrapper/api/TableCellRange.java
141	org.spacious_team.table_wrapper.api.TableCellRange$EmptyTableCellRange	containsRow(int)	133	[false]	java.lang.Override	public	false	/home/nima/Developer/nullness-benchmarks/annotator-run/src/main/java/org/spacious_team/table_wrapper/api/TableCellRange.java
142	org.spacious_team.table_wrapper.api.TableCellRange$EmptyTableCellRange	containsColumn(int)	134	[false]	java.lang.Override	public	false	/home/nima/Developer/nullness-benchmarks/annotator-run/src/main/java/org/spacious_team/table_wrapper/api/TableCellRange.java
143	org.spacious_team.table_wrapper.api.TableCellRange$EmptyTableCellRange	addRowsToTop(int)	135	[false]	java.lang.Override	public	true	/home/nima/Developer/nullness-benchmarks/annotator-run/src/main/java/org/spacious_team/table_wrapper/api/TableCellRange.java
144	org.spacious_team.table_wrapper.api.TableCellRange$EmptyTableCellRange	addRowsToBottom(int)	136	[false]	java.lang.Override	public	true	/home/nima/Developer/nullness-benchmarks/annotator-run/src/main/java/org/spacious_team/table_wrapper/api/TableCellRange.java
145	org.spacious_team.table_wrapper.api.TableCellRange$EmptyTableCellRange	addColumnsToLeft(int)	137	[false]	java.lang.Override	public	true	/home/nima/Developer/nullness-benchmarks/annotator-run/src/main/java/org/spacious_team/table_wrapper/api/TableCellRange.java
146	org.spacious_team.table_wrapper.api.TableCellRange$EmptyTableCellRange	addColumnsToRight(int)	138	[false]	java.lang.Override	public	true	/home/nima/Developer/nullness-benchmarks/annotator-run/src/main/java/org/spacious_team/table_wrapper/api/TableCellRange.java
147	org.spacious_team.table_wrapper.api.TableFactoryRegistry	add(org.spacious_team.table_wrapper.api.TableFactory)	0	[false]		public	false	/home/nima/Developer/nullness-benchmarks/annotator-run/src/main/java/org/spacious_team/table_wrapper/api/TableFactoryRegistry.java
148	org.spacious_team.table_wrapper.api.TableFactoryRegistry	getAll()	0	[]	java.lang.SuppressWarnings	public	true	/home/nima/Developer/nullness-benchmarks/annotator-run/src/main/java/org/spacious_team/table_wrapper/api/TableFactoryRegistry.java
149	org.spacious_team.table_wrapper.api.TableFactoryRegistry	get(org.spacious_team.table_wrapper.api.ReportPage)	0	[false]		public	true	/home/nima/Developer/nullness-benchmarks/annotator-run/src/main/java/org/spacious_team/table_wrapper/api/TableFactoryRegistry.java
150	org.spacious_team.table_wrapper.api.TableFactory	canHandle(org.spacious_team.table_wrapper.api.ReportPage)	0	[false]		public	false	/home/nima/Developer/nullness-benchmarks/annotator-run/src/main/java/org/spacious_team/table_wrapper/api/TableFactory.java
151	org.spacious_team.table_wrapper.api.TableFactory	create(org.spacious_team.table_wrapper.api.ReportPage,java.lang.String,java.lang.String,java.lang.Class)	0	[false, false, false, false]		public	true	/home/nima/Developer/nullness-benchmarks/annotator-run/src/main/java/org/spacious_team/table_wrapper/api/TableFactory.java
152	org.spacious_team.table_wrapper.api.TableFactory	create(org.spacious_team.table_wrapper.api.ReportPage,java.lang.String,java.lang.Class)	0	[false, false, false]		public	true	/home/nima/Developer/nullness-benchmarks/annotator-run/src/main/java/org/spacious_team/table_wrapper/api/TableFactory.java
153	org.spacious_team.table_wrapper.api.TableFactory	create(org.spacious_team.table_wrapper.api.ReportPage,java.lang.String,java.lang.String,java.lang.Class,int)	0	[false, false, false, false, false]		public	true	/home/nima/Developer/nullness-benchmarks/annotator-run/src/main/java/org/spacious_team/table_wrapper/api/TableFactory.java
154	org.spacious_team.table_wrapper.api.TableFactory	create(org.spacious_team.table_wrapper.api.ReportPage,java.lang.String,java.lang.Class,int)	0	[false, false, false, false]		public	true	/home/nima/Developer/nullness-benchmarks/annotator-run/src/main/java/org/spacious_team/table_wrapper/api/TableFactory.java
155	org.spacious_team.table_wrapper.api.TableFactory	create(org.spacious_team.table_wrapper.api.ReportPage,java.util.function.Predicate,java.util.function.Predicate,java.lang.Class)	0	[false, false, false, false]		public	true	/home/nima/Developer/nullness-benchmarks/annotator-run/src/main/java/org/spacious_team/table_wrapper/api/TableFactory.java
156	org.spacious_team.table_wrapper.api.TableFactory	create(org.spacious_team.table_wrapper.api.ReportPage,java.util.function.Predicate,java.lang.Class)	0	[false, false, false]		public	true	/home/nima/Developer/nullness-benchmarks/annotator-run/src/main/java/org/spacious_team/table_wrapper/api/TableFactory.java
157	org.spacious_team.table_wrapper.api.TableFactory	create(org.spacious_team.table_wrapper.api.ReportPage,java.util.function.Predicate,java.util.function.Predicate,java.lang.Class,int)	0	[false, false, false, false, false]		public	true	/home/nima/Developer/nullness-benchmarks/annotator-run/src/main/java/org/spacious_team/table_wrapper/api/TableFactory.java
158	org.spacious_team.table_wrapper.api.TableFactory	create(org.spacious_team.table_wrapper.api.ReportPage,java.util.function.Predicate,java.lang.Class,int)	0	[false, false, false, false]		public	true	/home/nima/Developer/nullness-benchmarks/annotator-run/src/main/java/org/spacious_team/table_wrapper/api/TableFactory.java
159	org.spacious_team.table_wrapper.api.TableFactory	createNameless(org.spacious_team.table_wrapper.api.ReportPage,java.lang.String,java.lang.String,java.lang.Class)	0	[false, false, false, false]		public	true	/home/nima/Developer/nullness-benchmarks/annotator-run/src/main/java/org/spacious_team/table_wrapper/api/TableFactory.java
160	org.spacious_team.table_wrapper.api.TableFactory	createNameless(org.spacious_team.table_wrapper.api.ReportPage,java.lang.String,java.lang.Class)	0	[false, false, false]		public	true	/home/nima/Developer/nullness-benchmarks/annotator-run/src/main/java/org/spacious_team/table_wrapper/api/TableFactory.java
161	org.spacious_team.table_wrapper.api.TableFactory	createNameless(org.spacious_team.table_wrapper.api.ReportPage,java.lang.String,java.lang.String,java.lang.String,java.lang.Class,int)	0	[false, false, false, false, false, false]		public	true	/home/nima/Developer/nullness-benchmarks/annotator-run/src/main/java/org/spacious_team/table_wrapper/api/TableFactory.java
162	org.spacious_team.table_wrapper.api.TableFactory	createNameless(org.spacious_team.table_wrapper.api.ReportPage,java.lang.String,java.lang.String,java.lang.Class,int)	0	[false, false, false, false, false]		public	true	/home/nima/Developer/nullness-benchmarks/annotator-run/src/main/java/org/spacious_team/table_wrapper/api/TableFactory.java
163	org.spacious_team.table_wrapper.api.TableFactory	createNameless(org.spacious_team.table_wrapper.api.ReportPage,java.util.function.Predicate,java.util.function.Predicate,java.lang.Class)	0	[false, false, false, false]		public	true	/home/nima/Developer/nullness-benchmarks/annotator-run/src/main/java/org/spacious_team/table_wrapper/api/TableFactory.java
164	org.spacious_team.table_wrapper.api.TableFactory	createNameless(org.spacious_team.table_wrapper.api.ReportPage,java.util.function.Predicate,java.lang.Class)	0	[false, false, false]		public	true	/home/nima/Developer/nullness-benchmarks/annotator-run/src/main/java/org/spacious_team/table_wrapper/api/TableFactory.java
165	org.spacious_team.table_wrapper.api.TableFactory	createNameless(org.spacious_team.table_wrapper.api.ReportPage,java.lang.String,java.util.function.Predicate,java.util.function.Predicate,java.lang.Class,int)	0	[false, false, false, false, false, false]		public	true	/home/nima/Developer/nullness-benchmarks/annotator-run/src/main/java/org/spacious_team/table_wrapper/api/TableFactory.java
166	org.spacious_team.table_wrapper.api.TableFactory	createNameless(org.spacious_team.table_wrapper.api.ReportPage,java.lang.String,java.util.function.Predicate,java.lang.Class,int)	0	[false, false, false, false, false]		public	true	/home/nima/Developer/nullness-benchmarks/annotator-run/src/main/java/org/spacious_team/table_wrapper/api/TableFactory.java
167	org.spacious_team.table_wrapper.api.TableFactory	create(org.spacious_team.table_wrapper.api.ReportPage,java.lang.String,org.spacious_team.table_wrapper.api.TableCellRange,java.lang.Class,int)	0	[false, false, false, false, false]		public	true	/home/nima/Developer/nullness-benchmarks/annotator-run/src/main/java/org/spacious_team/table_wrapper/api/TableFactory.java
168	org.spacious_team.table_wrapper.api.AbstractReportPage	getRow(int)	108	[false]	java.lang.Override	public	true	/home/nima/Developer/nullness-benchmarks/annotator-run/src/main/java/org/spacious_team/table_wrapper/api/AbstractReportPage.java
169	org.spacious_team.table_wrapper.api.AnyOfTableColumn	of(org.spacious_team.table_wrapper.api.TableColumn[])	0	[false]		public	true	/home/nima/Developer/nullness-benchmarks/annotator-run/src/main/java/org/spacious_team/table_wrapper/api/AnyOfTableColumn.java
170	org.spacious_team.table_wrapper.api.AnyOfTableColumn	getColumnIndex(int,org.spacious_team.table_wrapper.api.ReportPageRow[])	93	[false, false]	java.lang.Override	public	false	/home/nima/Developer/nullness-benchmarks/annotator-run/src/main/java/org/spacious_team/table_wrapper/api/AnyOfTableColumn.java
171	org.spacious_team.table_wrapper.api.ConstantPositionTableColumn	getColumnIndex(int,org.spacious_team.table_wrapper.api.ReportPageRow[])	93	[false, false]	java.lang.Override	public	false	/home/nima/Developer/nullness-benchmarks/annotator-run/src/main/java/org/spacious_team/table_wrapper/api/ConstantPositionTableColumn.java
172	org.spacious_team.table_wrapper.api.OptionalTableColumn	of(org.spacious_team.table_wrapper.api.TableColumn)	0	[false]		public	true	/home/nima/Developer/nullness-benchmarks/annotator-run/src/main/java/org/spacious_team/table_wrapper/api/OptionalTableColumn.java
173	org.spacious_team.table_wrapper.api.OptionalTableColumn	OptionalTableColumn()	0	[]		private	false	/home/nima/Developer/nullness-benchmarks/annotator-run/src/main/java/org/spacious_team/table_wrapper/api/OptionalTableColumn.java
174	org.spacious_team.table_wrapper.api.OptionalTableColumn	getColumnIndex(int,org.spacious_team.table_wrapper.api.ReportPageRow[])	93	[false, false]	java.lang.Override	public	false	/home/nima/Developer/nullness-benchmarks/annotator-run/src/main/java/org/spacious_team/table_wrapper/api/OptionalTableColumn.java
175	org.spacious_team.table_wrapper.api.AbstractReportPageRow$ReportPageRowIterator	hasNext()	176	[]	java.lang.Override	public	false	/home/nima/Developer/nullness-benchmarks/annotator-run/src/main/java/org/spacious_team/table_wrapper/api/AbstractReportPageRow.java
177	org.spacious_team.table_wrapper.api.AbstractReportPageRow$ReportPageRowIterator	next()	178	[]	java.lang.Override	public	true	/home/nima/Developer/nullness-benchmarks/annotator-run/src/main/java/org/spacious_team/table_wrapper/api/AbstractReportPageRow.java
179	org.spacious_team.table_wrapper.api.RelativePositionTableColumn	getColumnIndex(int,org.spacious_team.table_wrapper.api.ReportPageRow[])	93	[false, false]	java.lang.Override	public	false	/home/nima/Developer/nullness-benchmarks/annotator-run/src/main/java/org/spacious_team/table_wrapper/api/RelativePositionTableColumn.java
180	org.spacious_team.table_wrapper.api.TableColumnImpl	of(java.lang.String[])	0	[false]		public	true	/home/nima/Developer/nullness-benchmarks/annotator-run/src/main/java/org/spacious_team/table_wrapper/api/TableColumnImpl.java
181	org.spacious_team.table_wrapper.api.TableColumnImpl	TableColumnImpl(java.lang.String[])	0	[false]		private	false	/home/nima/Developer/nullness-benchmarks/annotator-run/src/main/java/org/spacious_team/table_wrapper/api/TableColumnImpl.java
182	org.spacious_team.table_wrapper.api.TableColumnImpl	getColumnIndex(int,org.spacious_team.table_wrapper.api.ReportPageRow[])	93	[false, false]		public	false	/home/nima/Developer/nullness-benchmarks/annotator-run/src/main/java/org/spacious_team/table_wrapper/api/TableColumnImpl.java
183	org.spacious_team.table_wrapper.api.TableColumnImpl	containsWord(java.lang.String,java.lang.String)	0	[false, false]		private	false	/home/nima/Developer/nullness-benchmarks/annotator-run/src/main/java/org/spacious_team/table_wrapper/api/TableColumnImpl.java
184	org.spacious_team.table_wrapper.api.AbstractTableCell	getValue()	44	[]	java.lang.Override	public	true	/home/nima/Developer/nullness-benchmarks/annotator-run/src/main/java/org/spacious_team/table_wrapper/api/AbstractTableCell.java
185	org.spacious_team.table_wrapper.api.AbstractTableCell	getIntValue()	45	[]	java.lang.Override	public	false	/home/nima/Developer/nullness-benchmarks/annotator-run/src/main/java/org/spacious_team/table_wrapper/api/AbstractTableCell.java
186	org.spacious_team.table_wrapper.api.AbstractTableCell	getLongValue()	46	[]	java.lang.Override	public	false	/home/nima/Developer/nullness-benchmarks/annotator-run/src/main/java/org/spacious_team/table_wrapper/api/AbstractTableCell.java
187	org.spacious_team.table_wrapper.api.AbstractTableCell	getDoubleValue()	47	[]	java.lang.Override	public	true	/home/nima/Developer/nullness-benchmarks/annotator-run/src/main/java/org/spacious_team/table_wrapper/api/AbstractTableCell.java
188	org.spacious_team.table_wrapper.api.AbstractTableCell	getBigDecimalValue()	48	[]	java.lang.Override	public	true	/home/nima/Developer/nullness-benchmarks/annotator-run/src/main/java/org/spacious_team/table_wrapper/api/AbstractTableCell.java
189	org.spacious_team.table_wrapper.api.AbstractTableCell	getStringValue()	49	[]	java.lang.Override	public	true	/home/nima/Developer/nullness-benchmarks/annotator-run/src/main/java/org/spacious_team/table_wrapper/api/AbstractTableCell.java
190	org.spacious_team.table_wrapper.api.AbstractTableCell	getInstantValue()	50	[]	java.lang.Override	public	true	/home/nima/Developer/nullness-benchmarks/annotator-run/src/main/java/org/spacious_team/table_wrapper/api/AbstractTableCell.java
191	org.spacious_team.table_wrapper.api.AbstractTableCell	getLocalDateTimeValue()	51	[]	java.lang.Override	public	true	/home/nima/Developer/nullness-benchmarks/annotator-run/src/main/java/org/spacious_team/table_wrapper/api/AbstractTableCell.java
192	org.spacious_team.table_wrapper.api.AbstractTableFactory	canHandle(org.spacious_team.table_wrapper.api.ReportPage)	150	[false]	java.lang.Override	public	false	/home/nima/Developer/nullness-benchmarks/annotator-run/src/main/java/org/spacious_team/table_wrapper/api/AbstractTableFactory.java
193	org.spacious_team.table_wrapper.api.AbstractTableFactory	cast(org.spacious_team.table_wrapper.api.ReportPage)	0	[false]	java.lang.SuppressWarnings	protected	true	/home/nima/Developer/nullness-benchmarks/annotator-run/src/main/java/org/spacious_team/table_wrapper/api/AbstractTableFactory.java
194	org.spacious_team.table_wrapper.api.EmptyTableRow	getCell(org.spacious_team.table_wrapper.api.TableColumnDescription)	2	[false]	java.lang.Override	public	true	/home/nima/Developer/nullness-benchmarks/annotator-run/src/main/java/org/spacious_team/table_wrapper/api/EmptyTableRow.java
195	org.spacious_team.table_wrapper.api.EmptyTableRow	getCell(int)	4	[false]	java.lang.Override	public	true	/home/nima/Developer/nullness-benchmarks/annotator-run/src/main/java/org/spacious_team/table_wrapper/api/EmptyTableRow.java
196	org.spacious_team.table_wrapper.api.EmptyTableRow	getFirstCellNum()	8	[]	java.lang.Override	public	false	/home/nima/Developer/nullness-benchmarks/annotator-run/src/main/java/org/spacious_team/table_wrapper/api/EmptyTableRow.java
197	org.spacious_team.table_wrapper.api.EmptyTableRow	getLastCellNum()	10	[]	java.lang.Override	public	false	/home/nima/Developer/nullness-benchmarks/annotator-run/src/main/java/org/spacious_team/table_wrapper/api/EmptyTableRow.java
198	org.spacious_team.table_wrapper.api.EmptyTableRow	rowContains(java.lang.Object)	12	[false]	java.lang.Override	public	false	/home/nima/Developer/nullness-benchmarks/annotator-run/src/main/java/org/spacious_team/table_wrapper/api/EmptyTableRow.java
199	org.spacious_team.table_wrapper.api.EmptyTableRow	iterator()	14	[]	java.lang.Override	public	true	/home/nima/Developer/nullness-benchmarks/annotator-run/src/main/java/org/spacious_team/table_wrapper/api/EmptyTableRow.java
200	org.spacious_team.table_wrapper.api.EmptyTableRow	getCellValue(org.spacious_team.table_wrapper.api.TableColumnDescription)	16	[false]	java.lang.Override	public	true	/home/nima/Developer/nullness-benchmarks/annotator-run/src/main/java/org/spacious_team/table_wrapper/api/EmptyTableRow.java
201	org.spacious_team.table_wrapper.api.EmptyTableRow	getIntCellValue(org.spacious_team.table_wrapper.api.TableColumnDescription)	18	[false]	java.lang.Override	public	false	/home/nima/Developer/nullness-benchmarks/annotator-run/src/main/java/org/spacious_team/table_wrapper/api/EmptyTableRow.java
202	org.spacious_team.table_wrapper.api.EmptyTableRow	getLongCellValue(org.spacious_team.table_wrapper.api.TableColumnDescription)	20	[false]	java.lang.Override	public	false	/home/nima/Developer/nullness-benchmarks/annotator-run/src/main/java/org/spacious_team/table_wrapper/api/EmptyTableRow.java
203	org.spacious_team.table_wrapper.api.EmptyTableRow	getDoubleCellValue(org.spacious_team.table_wrapper.api.TableColumnDescription)	22	[false]	java.lang.Override	public	false	/home/nima/Developer/nullness-benchmarks/annotator-run/src/main/java/org/spacious_team/table_wrapper/api/EmptyTableRow.java
204	org.spacious_team.table_wrapper.api.EmptyTableRow	getBigDecimalCellValue(org.spacious_team.table_wrapper.api.TableColumnDescription)	24	[false]	java.lang.Override	public	true	/home/nima/Developer/nullness-benchmarks/annotator-run/src/main/java/org/spacious_team/table_wrapper/api/EmptyTableRow.java
205	org.spacious_team.table_wrapper.api.EmptyTableRow	getStringCellValue(org.spacious_team.table_wrapper.api.TableColumnDescription)	26	[false]	java.lang.Override	public	true	/home/nima/Developer/nullness-benchmarks/annotator-run/src/main/java/org/spacious_team/table_wrapper/api/EmptyTableRow.java
206	org.spacious_team.table_wrapper.api.EmptyTableRow	getInstantCellValue(org.spacious_team.table_wrapper.api.TableColumnDescription)	28	[false]	java.lang.Override	public	true	/home/nima/Developer/nullness-benchmarks/annotator-run/src/main/java/org/spacious_team/table_wrapper/api/EmptyTableRow.java
207	org.spacious_team.table_wrapper.api.EmptyTableRow	getLocalDateTimeCellValue(org.spacious_team.table_wrapper.api.TableColumnDescription)	30	[false]	java.lang.Override	public	true	/home/nima/Developer/nullness-benchmarks/annotator-run/src/main/java/org/spacious_team/table_wrapper/api/EmptyTableRow.java
208	org.spacious_team.table_wrapper.api.EmptyTableRow	clone()	33	[]	java.lang.Override	public	true	/home/nima/Developer/nullness-benchmarks/annotator-run/src/main/java/org/spacious_team/table_wrapper/api/EmptyTableRow.java
209	org.spacious_team.table_wrapper.api.AbstractTable	AbstractTable(org.spacious_team.table_wrapper.api.AbstractReportPage,java.lang.String,org.spacious_team.table_wrapper.api.TableCellRange,java.lang.Class,int)	0	[false, false, false, false, false]	java.lang.SuppressWarnings	protected	false	/home/nima/Developer/nullness-benchmarks/annotator-run/src/main/java/org/spacious_team/table_wrapper/api/AbstractTable.java
210	org.spacious_team.table_wrapper.api.AbstractTable	AbstractTable(org.spacious_team.table_wrapper.api.AbstractTable,int,int)	0	[false, false, false]	java.lang.SuppressWarnings	protected	false	/home/nima/Developer/nullness-benchmarks/annotator-run/src/main/java/org/spacious_team/table_wrapper/api/AbstractTable.java
211	org.spacious_team.table_wrapper.api.AbstractTable	isEmpty(org.spacious_team.table_wrapper.api.TableCellRange,int)	0	[false, false]		private	false	/home/nima/Developer/nullness-benchmarks/annotator-run/src/main/java/org/spacious_team/table_wrapper/api/AbstractTable.java
212	org.spacious_team.table_wrapper.api.AbstractTable	getNumberOfTableRows(org.spacious_team.table_wrapper.api.TableCellRange)	0	[false]		private	false	/home/nima/Developer/nullness-benchmarks/annotator-run/src/main/java/org/spacious_team/table_wrapper/api/AbstractTable.java
213	org.spacious_team.table_wrapper.api.AbstractTable	getHeaderDescription(org.spacious_team.table_wrapper.api.AbstractReportPage,org.spacious_team.table_wrapper.api.TableCellRange,java.lang.Class,int)	0	[false, false, false, false]		private	true	/home/nima/Developer/nullness-benchmarks/annotator-run/src/main/java/org/spacious_team/table_wrapper/api/AbstractTable.java
214	org.spacious_team.table_wrapper.api.AbstractTable	getColumnIndices(java.util.Map)	0	[false]		private	true	/home/nima/Developer/nullness-benchmarks/annotator-run/src/main/java/org/spacious_team/table_wrapper/api/AbstractTable.java
215	org.spacious_team.table_wrapper.api.AbstractTable	getData(java.lang.Object,java.util.function.Function)	62	[false, false]		public	true	/home/nima/Developer/nullness-benchmarks/annotator-run/src/main/java/org/spacious_team/table_wrapper/api/AbstractTable.java
216	org.spacious_team.table_wrapper.api.AbstractTable	getDataCollection(java.lang.Object,java.util.function.Function)	64	[false, false]		public	true	/home/nima/Developer/nullness-benchmarks/annotator-run/src/main/java/org/spacious_team/table_wrapper/api/AbstractTable.java
217	org.spacious_team.table_wrapper.api.AbstractTable	getDataCollection(java.lang.Object,java.util.function.Function,java.util.function.BiPredicate,java.util.function.BiFunction)	65	[false, false, false, false]		public	true	/home/nima/Developer/nullness-benchmarks/annotator-run/src/main/java/org/spacious_team/table_wrapper/api/AbstractTable.java
218	org.spacious_team.table_wrapper.api.AbstractTable	getDataCollection(java.lang.Object,java.util.function.BiConsumer)	0	[false, false]		private	true	/home/nima/Developer/nullness-benchmarks/annotator-run/src/main/java/org/spacious_team/table_wrapper/api/AbstractTable.java
219	org.spacious_team.table_wrapper.api.AbstractTable	addWithEqualityChecker(T,java.util.Collection,java.util.function.BiPredicate,java.util.function.BiFunction)	0	[false, false, false, false]		public	false	/home/nima/Developer/nullness-benchmarks/annotator-run/src/main/java/org/spacious_team/table_wrapper/api/AbstractTable.java
220	org.spacious_team.table_wrapper.api.AbstractTable	stream()	67	[]	java.lang.Override	public	true	/home/nima/Developer/nullness-benchmarks/annotator-run/src/main/java/org/spacious_team/table_wrapper/api/AbstractTable.java
221	org.spacious_team.table_wrapper.api.AbstractTable	iterator()	14	[]	java.lang.Override	public	true	/home/nima/Developer/nullness-benchmarks/annotator-run/src/main/java/org/spacious_team/table_wrapper/api/AbstractTable.java
222	org.spacious_team.table_wrapper.api.AbstractTable$TableIterator	hasNext()	176	[]	java.lang.Override	public	false	/home/nima/Developer/nullness-benchmarks/annotator-run/src/main/java/org/spacious_team/table_wrapper/api/AbstractTable.java
223	org.spacious_team.table_wrapper.api.AbstractTable$TableIterator	next()	178	[]	java.lang.Override	public	true	/home/nima/Developer/nullness-benchmarks/annotator-run/src/main/java/org/spacious_team/table_wrapper/api/AbstractTable.java
224	org.spacious_team.table_wrapper.api.AbstractTable	getRow(int)	68	[false]	java.lang.Override	public	true	/home/nima/Developer/nullness-benchmarks/annotator-run/src/main/java/org/spacious_team/table_wrapper/api/AbstractTable.java
225	org.spacious_team.table_wrapper.api.AbstractTable	findRow(java.lang.Object)	69	[false]	java.lang.Override	public	true	/home/nima/Developer/nullness-benchmarks/annotator-run/src/main/java/org/spacious_team/table_wrapper/api/AbstractTable.java
226	org.spacious_team.table_wrapper.api.AbstractTable	findRowByPrefix(java.lang.String)	70	[false]	java.lang.Override	public	true	/home/nima/Developer/nullness-benchmarks/annotator-run/src/main/java/org/spacious_team/table_wrapper/api/AbstractTable.java
227	org.spacious_team.table_wrapper.api.AbstractTable	getMutableTableRow(org.spacious_team.table_wrapper.api.TableCellAddress)	0	[false]		private	true	/home/nima/Developer/nullness-benchmarks/annotator-run/src/main/java/org/spacious_team/table_wrapper/api/AbstractTable.java
228	org.spacious_team.table_wrapper.api.AbstractTable	getCellDataAccessObject()	0	[]		protected	true	/home/nima/Developer/nullness-benchmarks/annotator-run/src/main/java/org/spacious_team/table_wrapper/api/AbstractTable.java
229	org.spacious_team.table_wrapper.api.MultiLineTableColumn	of(org.spacious_team.table_wrapper.api.TableColumn[])	0	[false]		public	true	/home/nima/Developer/nullness-benchmarks/annotator-run/src/main/java/org/spacious_team/table_wrapper/api/MultiLineTableColumn.java
230	org.spacious_team.table_wrapper.api.MultiLineTableColumn	of(java.lang.String[])	0	[false]		public	true	/home/nima/Developer/nullness-benchmarks/annotator-run/src/main/java/org/spacious_team/table_wrapper/api/MultiLineTableColumn.java
231	org.spacious_team.table_wrapper.api.MultiLineTableColumn	getColumnIndex(int,org.spacious_team.table_wrapper.api.ReportPageRow[])	93	[false, false]	java.lang.Override	public	false	/home/nima/Developer/nullness-benchmarks/annotator-run/src/main/java/org/spacious_team/table_wrapper/api/MultiLineTableColumn.java
